{"disc_batch_w": [0.014517378241102465, 6.175614092631957e-07, 0.016780831576643403, 0.0009310268390013967, 0.0014691774069856625, 0.04542000660024451, 0.013594818917445791, 0.0006121087717064944, 0.023441048913648708, 6.280888453541179e-05, 0.01598676937954263, 0.0008125163076849873, 0.0026904669363781728, 0.002787983765057018, 0.0028672599363498198, 0.0005973250157689352, 0.0016162747263848266, 0.03092002367014606, 1.914941684927656e-05, 0.0002916293674874951, 0.0012468568594953245, 0.013911570484885886, 0.0012577590362334449, 2.892669538335639e-06, 0.00037392154967674855, 0.00570382341836395, 0.002181842937081458, 0.0017606809773061199, 0.020411692709441934, 0.002064674177307802, 0.030242564670769644, 0.0006071491994248876, 0.00045693580889036176, 0.0010727913840464297, 0.0009282413745636248, 0.0015279064372926954, 0.008760537415887667, 0.0008311180329290338, 0.0009507326616594712, 0.003970505149471439, 0.0698847932489229, 0.0072175719707073165, 0.00468383704552011, 0.0013305429429976133, 0.025849205245687793, 0.03337518458641698, 0.0012750000551943138, 0.012808985776574789, 0.03300788282867653, 0.002191634881626254, 6.605361206677675e-05, 0.0004436080301666911, 0.0005285158278088453, 0.0029506254824040444, 2.5021895531954497e-05, 0.036503837851882104, 8.43329606619263e-06, 0.043146959213897204, 0.010361373333711885, 0.00913059645192387, 0.0005736389567658975, 0.01606886636865455, 0.023784739038966676, 2.750916756702319e-05, 0.0022250489079352316, 0.011900288639381001, 0.01029625468206983, 0.0023533519015262786, 0.00023172913262182554, 0.00024182104498430914, 0.004083671252481619, 0.01368040507315475, 0.0018251351654777028, 0.018439511787242454, 0.0017489214223474858, 0.007622261566999957, 0.03488456141488704, 0.04208208933497669, 0.0018592258046541655, 0.018868807076242916, 0.019759156157289813, 0.0007633769581607161, 0.004676010591484457, 0.0016444701177484495, 0.00823841929295123, 0.0023831332097250966, 0.0016490444953398335, 0.003861300575563573, 0.06162573547948978, 0.03016474024112816, 0.02277751034294772, 0.03407061834802443, 0.0026168819481029344, 0.0017792913327784833, 0.002258557860784331, 0.0017678996354143753, 0.0031289918130058044, 0.0021797997986403614, 0.007946129742730772, 0.001093850418091663, 0.00046666350252299915, 0.000452376678964845, 0.0018215207119606067, 0.000552633930430915, 0.0010509663113583423], "disc_batch_loc": [[-122.33076045880722, 47.6103147654073], [-122.36766663913549, 47.583917190263215], [-122.32053037699092, 47.605687339655844], [-122.33082098466436, 47.585791854939636], [-122.33216689781213, 47.58762959830207], [-122.34026986610965, 47.61580471853871], [-122.32499924749469, 47.637873064805355], [-122.31426561302844, 47.5864167410586], [-122.33152086330335, 47.61402864765766], [-122.30010967335026, 47.606204835781604], [-122.31409795505077, 47.608067249074935], [-122.32237721151508, 47.5921045935759], [-122.35788780491896, 47.6184244035129], [-122.32377796908608, 47.60898419013311], [-122.28416319957496, 47.61213625040986], [-122.2993198366965, 47.603213559067115], [-122.29314222366244, 47.6276182472665], [-122.32551868463563, 47.61480025073267], [-122.29380946631782, 47.589737915910135], [-122.3628319070692, 47.62204514079643], [-122.35690058479533, 47.63925925925926], [-122.33321637426901, 47.59801169590643], [-122.32847953216375, 47.58074074074074], [-122.29842105263158, 47.58280701754386], [-122.3095321637427, 47.58912280701754], [-122.3095321637427, 47.62662768031189], [-122.30035087719298, 47.637582846003895], [-122.28836257309942, 47.57925925925926], [-122.34076023391813, 47.6327485380117], [-122.33350877192983, 47.59021442495126], [-122.33795321637427, 47.604522417153994], [-122.31959064327486, 47.586666666666666], [-122.32122807017544, 47.58557504873294], [-122.3078947368421, 47.59692007797271], [-122.30730994152047, 47.596530214424945], [-122.31842105263159, 47.63333333333333], [-122.29783625730994, 47.617153996101365], [-122.28584795321638, 47.588732943469786], [-122.28111111111112, 47.62810916179337], [-122.36, 47.63017543859649], [-122.34994152046784, 47.62662768031189], [-122.34964912280702, 47.621403508771934], [-122.34520467836258, 47.64074074074074], [-122.33321637426901, 47.58389863547758], [-122.33099415204678, 47.59801169590643], [-122.32847953216375, 47.623469785575054], [-122.31011695906433, 47.59001949317739], [-122.3078947368421, 47.60729044834308], [-122.3095321637427, 47.617153996101365], [-122.29368421052631, 47.59949317738791], [-122.3025730994152, 47.63610136452242], [-122.29058479532165, 47.57925925925926], [-122.28836257309942, 47.596530214424945], [-122.28333333333333, 47.623469785575054], [-122.37111111111112, 47.63925925925926], [-122.35941520467836, 47.62662768031189], [-122.36578947368422, 47.64074074074074], [-122.34771929824562, 47.613801169590644], [-122.34742690058481, 47.63610136452242], [-122.33350877192983, 47.59337231968811], [-122.31736842105263, 47.58518518518518], [-122.33736842105264, 47.611228070175436], [-122.32374269005848, 47.629785575048736], [-122.31678362573099, 47.58557504873294], [-122.31678362573099, 47.602846003898634], [-122.31842105263159, 47.602456140350874], [-122.30005847953217, 47.61231968810916], [-122.29754385964912, 47.62514619883041], [-122.28111111111112, 47.6340350877193], [-122.27888888888889, 47.63442495126706], [-122.37555555555556, 47.645185185185184], [-122.35690058479533, 47.62031189083821], [-122.36578947368422, 47.64666666666667], [-122.3563157894737, 47.62385964912281], [-122.3563157894737, 47.63925925925926], [-122.33350877192983, 47.59485380116959], [-122.33795321637427, 47.610448343079916], [-122.32847953216375, 47.61863547758284], [-122.32625730994152, 47.63610136452242], [-122.32152046783625, 47.604522417153994], [-122.31426900584796, 47.623469785575054], [-122.3095321637427, 47.63925925925926], [-122.30701754385964, 47.596530214424945], [-122.28894736842105, 47.60471734892787], [-122.3042105263158, 47.62070175438596], [-122.29280701754386, 47.6141910331384], [-122.37777777777778, 47.63925925925926], [-122.3457894736842, 47.64074074074074], [-122.34771929824562, 47.617153996101365], [-122.3563157894737, 47.62070175438596], [-122.3312865497076, 47.598596491228065], [-122.32847953216375, 47.617153996101365], [-122.32625730994152, 47.63294346978558], [-122.30315789473684, 47.636296296296294], [-122.3095321637427, 47.588732943469786], [-122.30730994152047, 47.62623781676413], [-122.30730994152047, 47.62662768031189], [-122.31146198830409, 47.58912280701754], [-122.30005847953217, 47.60768031189084], [-122.28865497076023, 47.59298245614035], [-122.2950292397661, 47.58518518518518], [-122.29058479532165, 47.59337231968811], [-122.28836257309942, 47.61863547758284], [-122.29251461988304, 47.6058089668616], [-122.28777777777778, 47.61902534113061]], "beta1_rec": [-3, -3, -3, -3, -3, -3, -4.000000000000001, -4.499999999999999],